"id","rate","titletype","title","canRate","releaseDate","runningTimeInMinutes"
"tt1345836","8.4","movie","The Dark Knight Rises","true","2012-07-20","164"
"tt0077711","8.2","movie","Autumn Sonata","true","1978-10-18","99"
"tt0077952","6.4","movie","Movie Movie","true","1978-11-08","105"
"tt8503618","8.6","movie","Hamilton","true","2020-07-03","160"
"tt0335266","7.7","movie","Lost in Translation","true","2003-10-03","102"
"tt8946378","7.9","movie","Knives Out","true","2019-11-27","130"
"tt1572315","4.8","movie","Texas Chainsaw","true","2013-01-04","92"
"tt1675434","8.5","movie","The Intouchables","true","2012-04-01","112"
"tt0167404","8.1","movie","The Sixth Sense","true","1999-08-06","107"
"tt0294870","6.9","movie","Rent","true","2005-11-23","135"
"tt0087884","8.1","movie","Paris, Texas","true","1984-10-14","145"
"tt0116282","8.1","movie","Fargo","true","1996-04-05","98"
"tt4016934","8.1","movie","The Handmaiden","true","2016-09-22","145"
"tt0121765","6.5","movie","Star Wars: Episode II - Attack of the Clones","true","2002-05-16","142"
"tt0121766","7.5","movie","Star Wars: Episode III - Revenge of the Sith","true","2005-05-19","140"
"tt4263482","6.9","movie","The Witch","true","2016-02-19","92"
"tt9738716","6.6","movie","The World to Come","true","2021-02-12","98"
"tt8522006","6.7","movie","Happiest Season","true","2020-11-25","102"
"tt0110632","7.3","movie","Natural Born Killers","true","1994-08-26","118"
"tt6753132","6.6","movie","Chained for Life","true","2019-12-10","91"
"tt0314331","7.6","movie","Love Actually","true","2003-11-14","135"
"tt0783233","7.8","movie","Atonement","true","2008-01-11","123"
"tt0097576","8.2","movie","Indiana Jones and the Last Crusade","true","1989-05-24","127"
"tt4925292","7.4","movie","Lady Bird","true","2017-12-01","94"
"tt1677720","7.5","movie","Ready Player One","true","2018-03-29","140"
"tt0051201","8.4","movie","Witness for the Prosecution","true","1958-02-06","116"
"tt4291600","6.8","movie","Lady Macbeth","true","2017-07-14","89"
"tt7040874","6.8","movie","A Simple Favor","true","2018-09-14","117"
"tt0347149","8.2","movie","Howl's Moving Castle","true","2005-06-17","119"
"tt0134619","5.7","movie","Disturbing Behavior","true","1998-07-24","84"
"tt0075314","8.3","movie","Taxi Driver","true","1976-02-09","114"
"tt1648190","5.6","movie","The Dark Tower","true","2017-08-04","95"
"tt1800302","6.7","movie","Gold","true","2017-01-27","120"
"tt0042876","8.2","movie","Rashomon","true","1951-12-26","88"
"tt0092099","6.9","movie","Top Gun","true","1986-05-16","110"
"tt0372784","8.2","movie","Batman Begins","true","2005-06-15","140"
"tt3294200","5.4","movie","The Falling","true","2015-08-07","102"
"tt10161886","6.1","movie","The Prom","true","2020-12-11","130"
"tt0120338","7.8","movie","Titanic","true","1997-12-19","194"
"tt2361509","7.1","movie","The Intern","true","2015-09-25","121"
"tt0478970","7.3","movie","Ant-Man","true","2015-07-17","117"
"tt3659388","8.0","movie","The Martian","true","2015-10-02","144"
"tt2382320","0.0","movie","No Time to Die","false","2021-04-02","163"
"tt0373889","7.5","movie","Harry Potter and the Order of the Phoenix","true","2007-07-11","138"
"tt2975590","6.4","movie","Batman v Superman: Dawn of Justice","true","2016-03-25","152"
"tt0076759","8.6","movie","Star Wars: Episode IV - A New Hope","true","1977-05-25","121"
"tt0803096","6.8","movie","Warcraft","true","2016-06-10","123"
"tt0407887","8.5","movie","The Departed","true","2006-10-06","151"
"tt0095016","8.2","movie","Die Hard","true","1988-07-20","132"
"tt2802144","7.7","movie","Kingsman: The Secret Service","true","2015-02-13","129"
"tt5074352","8.4","movie","Dangal","true","2016-12-21","161"
"tt0245429","8.6","movie","Spirited Away","true","2003-03-28","125"
"tt2025690","6.8","movie","The Finest Hours","true","2016-01-29","117"
"tt4857264","8.1","movie","The Invisible Guest","true","2016-09-23","106"
"tt0110413","8.5","movie","Léon: The Professional","true","1994-11-18","110"
"tt0073486","8.7","movie","One Flew Over the Cuckoo's Nest","true","1975-11-19","133"
"tt0119698","8.4","movie","Princess Mononoke","true","1997-12-19","134"
"tt1431045","8.0","movie","Deadpool","true","2016-02-12","108"
"tt1454029","8.0","movie","The Help","true","2011-08-10","146"
"tt0119217","8.3","movie","Good Will Hunting","true","1998-01-09","126"
"tt0365907","6.5","movie","A Walk Among the Tombstones","true","2014-09-19","114"
"tt1481572","6.8","movie","Happythankyoumoreplease","true","2010-01-20","100"
"tt2096673","8.1","movie","Inside Out","true","2015-06-19","95"
"tt0120689","8.6","movie","The Green Mile","true","1999-12-10","189"
"tt0015324","8.2","movie","Sherlock Jr.","true","1924-05-11","45"
"tt0109665","6.2","movie","Dream Lover","true","1994-05-06","103"
"tt5884052","6.6","movie","Pokémon Detective Pikachu","true","2019-05-10","104"
"tt0454824","6.5","movie","Flyboys","true","2006-09-22","140"
"tt1255953","8.3","movie","Incendies","true","2010-09-04","131"
"tt0353969","8.1","movie","Memories of Murder","true","2003-11-04","131"
"tt0099785","7.6","movie","Home Alone","true","1990-11-16","103"
"tt0116367","7.2","movie","From Dusk Till Dawn","true","1996-01-19","108"
"tt0816692","8.6","movie","Interstellar","true","2014-11-07","169"
"tt0079944","8.2","movie","Stalker","true","1982-10-20","162"
"tt4046784","6.3","movie","Maze Runner: The Scorch Trials","true","2015-09-18","131"
"tt0109830","8.8","movie","Forrest Gump","true","1994-07-06","142"
"tt0810913","3.3","movie","Jack and Jill","true","2011-11-11","91"
"tt0363771","6.9","movie","The Chronicles of Narnia: The Lion, the Witch and the Wardrobe","true","2005-12-09","143"
"tt0090605","8.3","movie","Aliens","true","1986-07-18","137"
"tt0032976","8.1","movie","Rebecca","true","1940-04-12","130"
"tt0105236","8.3","movie","Reservoir Dogs","true","1992-01-21","99"
"tt1661199","6.9","movie","Cinderella","true","2015-03-13","105"
"tt2119532","8.1","movie","Hacksaw Ridge","true","2016-11-04","139"
"tt3170832","8.1","movie","Room","true","2016-01-22","118"
"tt0103064","8.5","movie","Terminator 2: Judgment Day","true","1991-07-03","137"
"tt2172001","4.0","movie","Cyberstalker","true","2012-09-14","92"
"tt2531344","6.2","movie","Blockers","true","2018-04-06","102"
"tt0096283","8.2","movie","My Neighbor Totoro","true","1990-07-13","86"
"tt0118799","8.6","movie","Life Is Beautiful","true","1998-10-22","116"
"tt5776928","4.3","movie","Seaside","true","2018-09-15","90"
"tt6892276","5.6","movie","The Prize","true","2017-12-06","99"
"tt2106476","8.3","movie","The Hunt","true","2013-01-10","115"
"tt2024469","6.9","movie","Non-Stop","true","2014-02-28","106"
"tt0116253","6.4","movie","Executive Decision","true","1996-03-15","133"
"tt1590193","6.3","movie","The Commuter","true","2018-01-12","104"
"tt0089755","7.2","movie","Out of Africa","true","1985-12-20","161"
"tt0060196","8.8","movie","The Good, the Bad and the Ugly","true","1967-12-29","161"
"tt0208092","8.3","movie","Snatch","true","2001-01-19","104"
"tt3896198","7.6","movie","Guardians of the Galaxy Vol. 2","true","2017-05-05","136"
"tt0499448","6.5","movie","The Chronicles of Narnia: Prince Caspian","true","2008-05-16","150"
"tt8613070","8.1","movie","Portrait of a Lady on Fire","true","2020-02-14","122"
"tt0098439","6.4","movie","Tango & Cash","true","1989-12-22","104"
"tt0209144","8.4","movie","Memento","true","2001-05-25","113"
"tt0110729","7.9","movie","Once Were Warriors","true","1995-03-03","102"
"tt0993846","8.2","movie","The Wolf of Wall Street","true","2013-12-25","180"
"tt0448124","7.5","movie","Snow Cake","true","2006-05-04","112"
"tt0066763","8.4","movie","Anand","true","1971-03-12","122"
"tt1856101","8.0","movie","Blade Runner 2049","true","2017-10-06","164"
"tt0078748","8.4","movie","Alien","true","1979-06-22","117"
"tt0077416","8.1","movie","The Deer Hunter","true","1979-02-23","183"
"tt0046912","8.2","movie","Dial M for Murder","true","1954-05-29","105"
"tt0097223","8.2","movie","Time of the Gypsies","true","1990-02-09","142"
"tt0467406","7.4","movie","Juno","true","2007-12-25","96"
"tt0055630","8.2","movie","Yojimbo","true","1961-09-13","110"
"tt4765284","5.8","movie","Pitch Perfect 3","true","2017-12-22","93"
"tt3315342","8.1","movie","Logan","true","2017-03-03","137"
"tt0082096","8.3","movie","Das Boot","true","1982-02-10","149"
"tt0087544","8.1","movie","Nausicaä of the Valley of the Wind","true","1987-11-25","117"
"tt3748172","6.6","movie","Gerald's Game","true","2017-09-29","103"
"tt1814621","5.7","movie","Admission","true","2013-03-22","108"
"tt8367814","7.8","movie","The Gentlemen","true","2020-01-24","113"
"tt0107207","8.1","movie","In the Name of the Father","true","1994-02-25","133"
"tt0478304","6.8","movie","The Tree of Life","true","2011-05-27","139"
"tt1022603","7.7","movie","500 Days of Summer","true","2009-08-07","95"
"tt0044741","8.3","movie","Ikiru","true","1956-03-25","143"
"tt2758880","8.1","movie","Winter Sleep","true","2014-10-11","196"
"tt8579674","8.3","movie","1917","true","2020-01-10","119"
"tt0419706","5.2","movie","Doom","true","2005-10-21","105"
"tt1832382","8.3","movie","A Separation","true","2011-09-04","123"
"tt0118694","8.1","movie","In the Mood for Love","true","2001-03-09","98"
"tt0052357","8.3","movie","Vertigo","true","1958-05-09","128"
"tt0088763","8.5","movie","Back to the Future","true","1985-07-03","116"
"tt0864761","6.9","movie","The Duchess","true","2008-10-10","110"
"tt0234215","7.2","movie","The Matrix Reloaded","true","2003-05-15","138"
"tt0475394","6.7","movie","Smokin' Aces","true","2007-01-26","109"
"tt0120762","7.6","movie","Mulan","true","1998-06-19","88"
"tt0031679","8.1","movie","Mr. Smith Goes to Washington","true","1939-10-19","129"
"tt0198781","8.1","movie","Monsters, Inc.","true","2001-11-02","92"
"tt0477348","8.1","movie","No Country for Old Men","true","2007-11-21","122"
"tt0114709","8.3","movie","Toy Story","true","1995-11-22","81"
"tt0424136","7.1","movie","Hard Candy","true","2006-04-28","104"
"tt0017136","8.3","movie","Metropolis","true","1927-03-13","153"
"tt0892769","8.1","movie","How to Train Your Dragon","true","2010-03-26","98"
"tt3281548","7.8","movie","Little Women","true","2019-12-25","135"
"tt0276919","8.0","movie","Dogville","true","2004-04-23","178"
"tt0350258","7.7","movie","Ray","true","2004-10-29","152"
"tt0112641","8.2","movie","Casino","true","1995-11-22","178"
"tt0395169","8.1","movie","Hotel Rwanda","true","2005-02-04","121"
"tt2145637","4.6","movie","Chastity Bites","true","2013-06-01","93"
"tt0338013","8.3","movie","Eternal Sunshine of the Spotless Mind","true","2004-03-19","108"
"tt0107290","8.1","movie","Jurassic Park","true","1993-06-11","127"
"tt0059578","8.3","movie","For a Few Dollars More","true","1967-05-10","132"
"tt0169547","8.3","movie","American Beauty","true","1999-10-01","122"
"tt0083564","6.6","movie","Annie","true","1982-06-18","126"
"tt0062622","8.3","movie","2001: A Space Odyssey","true","1968-04-02","149"
"tt1059786","6.6","movie","Eagle Eye","true","2008-09-26","118"
"tt0962726","4.8","movie","High School Musical 3","true","2008-10-24","112"
"tt6148156","8.5","movie","Vikram Vedha","true","2017-07-21","147"
"tt0285742","7.0","movie","Monster's Ball","true","2002-03-01","111"
"tt4500922","6.2","movie","Maze Runner: The Death Cure","true","2018-01-26","143"
"tt0074958","8.1","movie","Network","true","1976-11-27","121"
"tt0120382","8.1","movie","The Truman Show","true","1998-06-05","103"
"tt0047478","8.6","movie","Seven Samurai","true","1956-11-19","207"
"tt0046268","8.1","movie","The Wages of Fear","true","1955-02-16","131"
"tt1320244","5.6","movie","The Last Exorcism","true","2010-08-27","87"
"tt0110357","8.5","movie","The Lion King","true","1994-06-24","88"
"tt0056172","8.3","movie","Lawrence of Arabia","true","1962-12-16","228"
"tt5580036","7.5","movie","I, Tonya","true","2018-01-19","119"
"tt0071562","9.0","movie","The Godfather: Part II","true","1974-12-18","202"
"tt0021749","8.5","movie","City Lights","true","1931-03-07","87"
"tt0056058","8.6","movie","Hara-Kiri","true","1964-08-04","133"
"tt0084787","8.1","movie","The Thing","true","1982-06-25","109"
"tt0081398","8.2","movie","Raging Bull","true","1980-12-19","129"
"tt1375666","8.8","movie","Inception","true","2010-07-16","148"
"tt0949731","5.0","movie","The Happening","true","2008-06-13","91"
"tt0095765","8.5","movie","Cinema Paradiso","true","1990-02-23","155"
"tt2388715","6.5","movie","Oculus","true","2014-04-11","104"
"tt2719848","7.1","movie","Everest","true","2015-09-25","121"
"tt2278388","8.1","movie","The Grand Budapest Hotel","true","2014-03-28","99"
"tt0287717","5.2","movie","Spy Kids 2: Island of Lost Dreams","true","2002-08-07","100"
"tt0038650","8.6","movie","It's a Wonderful Life","true","1947-01-07","130"
"tt0072684","8.1","movie","Barry Lyndon","true","1975-12-18","185"
"tt3312830","7.3","movie","Youth","true","2015-12-04","124"
"tt4154756","8.4","movie","Avengers: Infinity War","true","2018-04-27","149"
"tt0060107","8.1","movie","Andrei Rublev","true","1973-10-01","205"
"tt1220198","5.9","movie","The Fourth Kind","true","2009-11-06","98"
"tt0446029","7.5","movie","Scott Pilgrim vs. the World","true","2010-08-13","112"
"tt1187043","8.4","movie","3 Idiots","true","2009-12-23","170"
"tt5726616","7.9","movie","Call Me by Your Name","true","2018-01-19","132"
"tt0101540","7.3","movie","Cape Fear","true","1991-11-15","128"
"tt1506999","5.8","movie","Haywire","true","2012-01-20","93"
"tt0114857","5.6","movie","Virtuosity","true","1995-08-04","106"
"tt0041716","7.4","movie","On the Town","true","1949-12-30","98"
"tt4633694","8.4","movie","Spider-Man: Into the Spider-Verse","true","2018-12-14","117"
"tt0356910","6.5","movie","Mr. & Mrs. Smith","true","2005-06-10","120"
"tt0108052","8.9","movie","Schindler's List","true","1994-02-04","195"
"tt0405508","8.2","movie","Rang De Basanti","true","2006-01-26","167"
"tt1836944","6.4","movie","The Baytown Outlaws","true","2013-01-11","98"
"tt0387877","5.6","movie","The Black Dahlia","true","2006-09-15","121"
"tt0458352","6.9","movie","The Devil Wears Prada","true","2006-06-30","109"
"tt1204977","4.5","movie","Ouija","true","2014-10-24","89"
"tt0052618","8.1","movie","Ben-Hur","true","1959-11-18","212"
"tt0218839","7.5","movie","Best in Show","true","2000-10-20","90"
"tt1878870","7.3","movie","The Edge of Seventeen","true","2016-11-18","104"
"tt8523028","5.3","movie","Roped","true","2020-05-02","91"
"tt0119488","8.2","movie","L.A. Confidential","true","1997-09-19","138"
"tt1152398","5.6","movie","Beastly","true","2011-03-04","86"
"tt0041604","5.8","movie","Love Happy","true","1950-03-03","85"
"tt5463162","7.7","movie","Deadpool 2","true","2018-05-18","119"
"tt0086879","8.3","movie","Amadeus","true","1984-09-19","160"
"tt0822854","7.2","movie","Shooter","true","2007-03-23","124"
"tt0041959","8.1","movie","The Third Man","true","1950-02-01","104"
"tt0102926","8.6","movie","The Silence of the Lambs","true","1991-02-14","118"
"tt0087843","8.4","movie","Once Upon a Time in America","true","1984-06-01","229"
"tt0102803","6.5","movie","The Rocketeer","true","1991-06-21","108"
"tt0329691","4.1","movie","Torque","true","2004-01-16","84"
"tt7153766","6.4","movie","Unsane","true","2018-03-23","98"
"tt0093058","8.3","movie","Full Metal Jacket","true","1987-07-10","116"
"tt11161474","5.4","movie","Pieces of a Woman","true","2021-01-07","126"
"tt0458339","6.9","movie","Captain America: The First Avenger","true","2011-07-22","124"
"tt2120120","5.5","movie","Pixels","true","2015-07-24","105"
"tt0317248","8.6","movie","City of God","true","2004-02-13","130"
"tt0040522","8.3","movie","Bicycle Thieves","true","1949-12-13","89"
"tt2582496","7.7","movie","Me and Earl and the Dying Girl","true","2015-07-01","105"
"tt0119116","7.7","movie","The Fifth Element","true","1997-05-09","126"
"tt0467110","4.7","movie","Underdog","true","2007-08-03","100"
"tt0290086","6.8","movie","Temptation","true","2003-04-01","86"
"tt0470765","6.3","movie","For Your Consideration","true","2006-11-22","86"
"tt0468569","9.0","movie","The Dark Knight","true","2008-07-18","152"
"tt5340300","7.2","movie","Lean on Pete","true","2018-04-06","121"
"tt0047396","8.4","movie","Rear Window","true","1955-04-01","112"
"tt4116284","7.3","movie","The Lego Batman Movie","true","2017-02-10","104"
"tt0120586","8.5","movie","American History X","true","1998-11-20","119"
"tt2527336","7.0","movie","Star Wars: Episode VIII - The Last Jedi","true","2017-12-15","152"
"tt1854564","5.8","movie","Percy Jackson: Sea of Monsters","true","2013-08-07","106"
"tt5027774","8.2","movie","Three Billboards Outside Ebbing, Missouri","true","2017-12-01","115"
"tt1403865","7.6","movie","True Grit","true","2010-12-22","110"
"tt0095327","8.5","movie","Grave of the Fireflies","true","1989-07-26","89"
"tt0050212","8.1","movie","The Bridge on the River Kwai","true","1957-12-14","161"
"tt0066921","8.3","movie","A Clockwork Orange","true","1972-02-02","136"
"tt1411250","6.4","movie","Riddick","true","2013-09-06","119"
"tt0040897","8.2","movie","The Treasure of the Sierra Madre","true","1948-01-24","126"
"tt1028532","8.1","movie","Hachi: A Dog's Tale","true","2009-06-13","93"
"tt0367959","6.2","movie","Hannibal Rising","true","2007-02-09","121"
"tt4154796","8.4","movie","Avengers: Endgame","true","2019-04-26","181"
"tt0107034","6.4","movie","The Good Son","true","1993-09-24","87"
"tt0364569","8.4","movie","Oldboy","true","2004-09-29","120"
"tt0323944","7.1","movie","Shattered Glass","true","2003-11-26","94"
"tt0482527","6.3","movie","It's a Boy Girl Thing","true","2008-06-17","95"
"tt8591260","5.8","movie","Inside Game","true","2019-11-01","97"
"tt1386697","6.0","movie","Suicide Squad","true","2016-08-05","123"
"tt6294822","7.2","movie","The Post","true","2018-01-12","116"
"tt0114814","8.5","movie","The Usual Suspects","true","1995-08-16","106"
"tt1340138","6.3","movie","Terminator Genisys","true","2015-07-01","126"
"tt0111301","4.0","movie","Street Fighter","true","1994-12-23","102"
"tt0186151","7.3","movie","Frequency","true","2000-04-28","118"
"tt9214832","6.7","movie","Emma.","true","2020-03-06","124"
"tt0087718","6.0","movie","Micki + Maude","true","1984-12-21","118"
"tt2991224","8.2","movie","Tangerines","true","2015-04-17","87"
"tt0047296","8.1","movie","On the Waterfront","true","1954-07-28","108"
"tt1469304","5.5","movie","Baywatch","true","2017-05-25","116"
"tt0053604","8.3","movie","The Apartment","true","1960-06-15","125"
"tt0048021","8.2","movie","Rififi","true","1956-06-05","118"
"tt0071853","8.2","movie","Monty Python and the Holy Grail","true","1975-03-14","91"
"tt1954470","8.2","movie","Gangs of Wasseypur","true","2014-10-14","321"
"tt0170016","6.2","movie","How the Grinch Stole Christmas","true","2000-11-17","104"
"tt3165612","6.5","movie","Sleeping with Other People","true","2015-01-24","101"
"tt1477834","6.9","movie","Aquaman","true","2018-12-21","143"
"tt0033467","8.3","movie","Citizen Kane","true","1941-09-05","119"
"tt0053198","8.1","movie","The 400 Blows","true","1959-11-16","99"
"tt1389096","6.5","movie","Stand Up Guys","true","2013-02-01","95"
"tt1343092","7.2","movie","The Great Gatsby","true","2013-05-10","143"
"tt0102685","7.3","movie","Point Break","true","1991-07-12","122"
"tt5311514","8.4","movie","Your Name.","true","2017-04-07","106"
"tt0241527","7.6","movie","Harry Potter and the Sorcerer's Stone","true","2001-11-16","152"
"tt0884732","6.6","movie","The Wedding Ringer","true","2015-01-16","101"
"tt0093779","8.0","movie","The Princess Bride","true","1987-10-09","98"
"tt1322269","7.2","movie","August: Osage County","true","2014-01-10","121"
"tt0079470","8.1","movie","Monty Python's Life of Brian","true","1979-08-17","94"
"tt0319343","7.0","movie","Elf","true","2003-11-07","97"
"tt0060827","8.1","movie","Persona","true","1967-03-16","85"
"tt0376136","6.2","movie","The Rum Diary","true","2011-10-28","119"
"tt1798709","8.0","movie","Her","true","2014-01-10","126"
"tt1201607","8.1","movie","Harry Potter and the Deathly Hallows: Part 2","true","2011-07-15","130"
"tt0295297","7.4","movie","Harry Potter and the Chamber of Secrets","true","2002-11-15","161"
"tt0111161","9.3","movie","The Shawshank Redemption","true","1994-10-14","142"
"tt4430212","8.2","movie","Drishyam","true","2015-07-31","163"
"tt0094737","7.3","movie","Big","true","1988-06-03","104"
"tt0019254","8.1","movie","The Passion of Joan of Arc","true","1929-03-28","110"
"tt0918940","6.2","movie","The Legend of Tarzan","true","2016-07-01","110"
"tt4701182","6.8","movie","Bumblebee","true","2018-12-21","114"
"tt4729430","8.2","movie","Klaus","true","2019-11-15","96"
"tt0046438","8.2","movie","Tokyo Story","true","1972-03-13","136"
"tt0485947","7.8","movie","Mr. Nobody","true","2013-09-26","141"
"tt0113118","7.3","movie","Friday","true","1995-04-26","91"
"tt1179933","7.2","movie","10 Cloverfield Lane","true","2016-03-11","103"
"tt0055031","8.2","movie","Judgment at Nuremberg","true","1961-12-19","179"
"tt0203009","7.6","movie","Moulin Rouge!","true","2001-06-01","127"
"tt0112384","7.6","movie","Apollo 13","true","1995-06-30","140"
"tt0117951","8.1","movie","Trainspotting","true","1996-08-09","93"
"tt0082971","8.4","movie","Raiders of the Lost Ark","true","1981-06-12","115"
"tt0435761","8.3","movie","Toy Story 3","true","2010-06-18","103"
"tt0080678","8.1","movie","The Elephant Man","true","1980-10-10","124"
"tt1305806","8.2","movie","The Secret in Their Eyes","true","2010-05-21","129"
"tt6966692","8.2","movie","Green Book","true","2018-11-16","130"
"tt0457430","8.2","movie","Pan's Labyrinth","true","2007-01-19","118"
"tt0042192","8.2","movie","All About Eve","true","1950-10-27","138"
"tt0363163","8.2","movie","Downfall","true","2005-04-08","156"
"tt0758758","8.1","movie","Into the Wild","true","2007-10-19","148"
"tt1979320","8.1","movie","Rush","true","2013-09-27","123"
"tt7126948","5.8","movie","Wonder Woman 1984","true","2020-12-25","151"
"tt0034583","8.5","movie","Casablanca","true","1943-01-23","102"
"tt0056592","8.2","movie","To Kill a Mockingbird","true","1963-03-16","129"
"tt0113247","8.1","movie","La Haine","true","1996-02-23","98"
"tt0080684","8.7","movie","Star Wars: Episode V - The Empire Strikes Back","true","1980-06-20","124"
"tt2674426","7.4","movie","Me Before You","true","2016-06-03","106"
"tt1291584","8.2","movie","Warrior","true","2011-09-09","140"
"tt0057565","8.4","movie","High and Low","true","1963-11-26","143"
"tt1843866","7.7","movie","Captain America: The Winter Soldier","true","2014-04-04","136"
"tt1103153","5.5","movie","Killers","true","2010-06-04","100"
"tt0045592","6.8","movie","Call Me Madam","true","1953-03-25","114"
"tt0432021","6.3","movie","Resident Evil: Extinction","true","2007-09-21","94"
"tt0173840","6.4","movie","Final Fantasy: The Spirits Within","true","2001-07-11","106"
"tt1528071","6.5","movie","Horns","true","2014-10-03","120"
"tt1130884","8.2","movie","Shutter Island","true","2010-02-19","138"
"tt0489099","6.1","movie","Jumper","true","2008-02-14","88"
"tt0114746","8.0","movie","12 Monkeys","true","1996-01-05","129"
"tt0405094","8.4","movie","The Lives of Others","true","2007-03-30","137"
"tt1049413","8.2","movie","Up","true","2009-05-29","96"
"tt0482571","8.5","movie","The Prestige","true","2006-10-20","130"
"tt0057115","8.2","movie","The Great Escape","true","1963-07-04","172"
"tt0035446","8.2","movie","To Be or Not to Be","true","1942-03-06","99"
"tt6911608","6.6","movie","Mamma Mia! Here We Go Again","true","2018-07-20","114"
"tt0036775","8.3","movie","Double Indemnity","true","1944-07-06","107"
"tt0185431","5.3","movie","Little Nicky","true","2000-11-10","90"
"tt0409459","7.6","movie","Watchmen","true","2009-03-06","162"
"tt0346631","6.7","movie","Blood and Bone","true","2009-09-15","93"
"tt0455590","7.7","movie","The Last King of Scotland","true","2007-01-19","123"
"tt3835080","5.1","movie","31","true","2016-09-16","102"
"tt7286456","8.5","movie","Joker","true","2019-10-04","122"
"tt1226837","7.3","movie","Beautiful Boy","true","2018-09-30","120"
"tt0050825","8.4","movie","Paths of Glory","true","1957-12-25","88"
"tt1261945","4.5","movie","Sex and the City 2","true","2010-05-27","146"
"tt4572514","7.4","movie","Patriots Day","true","2017-01-13","133"
"tt0092005","8.1","movie","Stand by Me","true","1986-08-22","89"
"tt0469494","8.2","movie","There Will Be Blood","true","2008-01-25","158"
"tt1392190","8.1","movie","Mad Max: Fury Road","true","2015-05-15","120"
"tt0112573","8.3","movie","Braveheart","true","1995-05-24","178"
"tt1587310","7.0","movie","Maleficent","true","2014-05-30","97"
"tt0083658","8.1","movie","Blade Runner","true","1982-06-25","117"
"tt1853728","8.4","movie","Django Unchained","true","2012-12-25","165"
"tt1397514","5.8","movie","Journey 2: The Mysterious Island","true","2012-02-10","94"
"tt0047673","7.6","movie","White Christmas","true","1954-10-14","120"
"tt1877832","7.9","movie","X-Men: Days of Future Past","true","2014-05-23","132"
"tt0071315","8.1","movie","Chinatown","true","1974-06-20","130"
"tt0181689","7.6","movie","Minority Report","true","2002-06-21","145"
"tt0050976","8.2","movie","The Seventh Seal","true","1958-10-13","96"
"tt0325710","7.7","movie","The Last Samurai","true","2003-12-05","154"
"tt4158876","6.8","movie","Other People","true","2016-09-09","97"
"tt0084707","7.6","movie","Sophie's Choice","true","1983-03-04","150"
"tt1324999","4.9","movie","The Twilight Saga: Breaking Dawn - Part 1","true","2011-11-18","117"
"tt0137523","8.8","movie","Fight Club","true","1999-10-15","139"
"tt6751668","8.6","movie","Parasite","true","2019-11-08","132"
"tt0057012","8.4","movie","Dr. Strangelove or: How I Learned to Stop Worrying and Love the Bomb","true","1964-01-29","95"
"tt0167261","8.7","movie","The Lord of the Rings: The Two Towers","true","2002-12-18","179"
"tt0111257","7.2","movie","Speed","true","1994-06-10","116"
"tt0167260","8.9","movie","The Lord of the Rings: The Return of the King","true","2003-12-17","201"
"tt8267604","8.4","movie","Capernaum","true","2018-10-13","126"
"tt0061512","8.1","movie","Cool Hand Luke","true","1967-11-01","127"
"tt1374989","5.8","movie","Pride and Prejudice and Zombies","true","2016-02-05","108"
"tt2948372","8.2","movie","Soul","true","2020-12-25","100"
"tt0369610","7.0","movie","Jurassic World","true","2015-06-12","124"
"tt0434409","8.2","movie","V for Vendetta","true","2006-03-17","132"
"tt0050986","8.2","movie","Wild Strawberries","true","1959-06-22","91"
"tt9686708","7.1","movie","The King of Staten Island","true","2020-06-12","136"
"tt2034800","5.9","movie","The Great Wall","true","2017-02-17","103"
"tt1213641","7.3","movie","First Man","true","2018-10-12","141"
"tt2101441","5.3","movie","Spring Breakers","true","2013-03-22","94"
"tt0211915","8.3","movie","Amélie","true","2002-02-08","122"
"tt13055780","5.8","movie","A California Christmas","true","2020-12-14","106"
"tt0379786","7.8","movie","Serenity","true","2005-09-30","119"
"tt0091251","8.3","movie","Come and See","true","1987-16-09","142"
"tt0083511","6.9","movie","48 Hrs.","true","1982-12-08","96"
"tt0112471","8.1","movie","Before Sunrise","true","1995-01-27","101"
"tt1895587","8.1","movie","Spotlight","true","2015-11-20","129"
"tt0758794","7.1","movie","We Are Marshall","true","2006-12-22","131"
"tt0274558","7.5","movie","The Hours","true","2003-02-14","110"
"tt2172934","6.2","movie","3 Days to Kill","true","2014-02-21","117"
"tt0045152","8.3","movie","Singin' in the Rain","true","1952-04-11","103"
"tt5649108","6.7","movie","Thoroughbreds","true","2018-03-09","92"
"tt0025316","8.1","movie","It Happened One Night","true","1934-02-22","105"
"tt0086393","5.0","movie","Superman III","true","1983-06-17","125"
"tt0097165","8.1","movie","Dead Poets Society","true","1989-06-09","128"
"tt0027977","8.5","movie","Modern Times","true","1936-02-25","87"
"tt0268978","8.2","movie","A Beautiful Mind","true","2002-01-04","135"
"tt1735898","6.1","movie","Snow White and the Huntsman","true","2012-06-01","127"
"tt7713068","6.1","movie","Birds of Prey: And the Fantabulous Emancipation of One Harley Quinn","true","2020-02-07","109"
"tt0765429","7.8","movie","American Gangster","true","2007-11-02","157"
"tt0381681","8.1","movie","Before Sunset","true","2004-07-30","80"
"tt4300480","7.3","movie","Italian Race","true","2016-04-07","118"
"tt0086034","6.6","movie","Octopussy","true","1983-06-10","131"
"tt1920849","5.3","movie","Bachelorette","true","2012-01-23","87"
"tt1205489","8.1","movie","Gran Torino","true","2009-01-09","116"
"tt0110912","8.9","movie","Pulp Fiction","true","1994-10-14","154"
"tt0910970","8.4","movie","WALL·E","true","2008-06-27","98"
"tt0078754","7.9","movie","All That Jazz","true","1979-12-20","123"
"tt0098384","7.3","movie","Steel Magnolias","true","1989-11-22","117"
"tt0926084","7.7","movie","Harry Potter and the Deathly Hallows: Part 1","true","2010-11-19","146"
"tt0050083","9.0","movie","12 Angry Men","true","1957-04-10","96"
"tt0116695","7.3","movie","Jerry Maguire","true","1996-12-13","139"
"tt2024544","8.1","movie","12 Years a Slave","true","2013-11-08","134"
"tt0064116","8.5","movie","Once Upon a Time in the West","true","1969-07-04","165"
"tt1126590","7.0","movie","Big Eyes","true","2014-12-25","106"
"tt0162346","7.3","movie","Ghost World","true","2001-09-21","111"
"tt0015864","8.2","movie","The Gold Rush","true","1925-06-26","95"
"tt0017925","8.1","movie","The General","true","1927-01-02","67"
"tt0086250","8.3","movie","Scarface","true","1983-12-09","170"
"tt0172495","8.5","movie","Gladiator","true","2000-05-05","155"
"tt0298130","7.1","movie","The Ring","true","2002-10-18","115"
"tt0266697","8.1","movie","Kill Bill: Vol. 1","true","2003-10-10","111"
"tt0245712","8.1","movie","Amores Perros","true","2001-04-13","154"
"tt0078788","8.4","movie","Apocalypse Now","true","1979-08-15","147"
"tt2088893","6.4","movie","Shell","true","2013-03-15","91"
"tt0099685","8.7","movie","Goodfellas","true","1990-09-21","146"
"tt0116225","5.8","movie","Escape from L.A.","true","1996-08-09","101"
"tt0032553","8.4","movie","The Great Dictator","true","1941-03-07","125"
"tt0120735","8.2","movie","Lock, Stock and Two Smoking Barrels","true","1999-03-05","107"
"tt0978762","8.1","movie","Mary and Max","true","2009-01-15","92"
"tt1325004","5.0","movie","The Twilight Saga: Eclipse","true","2010-06-30","124"
"tt0980970","6.3","movie","The Chronicles of Narnia: The Voyage of the Dawn Treader","true","2010-12-10","113"
"tt2380307","8.4","movie","Coco","true","2017-11-22","105"
"tt1142977","6.9","movie","Frankenweenie","true","2012-10-05","87"
"tt0120737","8.8","movie","The Lord of the Rings: The Fellowship of the Ring","true","2001-12-19","178"
"tt0814255","5.9","movie","Percy Jackson & the Olympians: The Lightning Thief","true","2010-02-12","118"
"tt0058946","8.1","movie","The Battle of Algiers","true","1967-09-20","121"
"tt0105695","8.2","movie","Unforgiven","true","1992-08-07","130"
"tt1220634","5.8","movie","Resident Evil: Afterlife","true","2010-09-10","96"
"tt0089881","8.2","movie","Ran","true","1985-09-27","162"
"tt0012349","8.3","movie","The Kid","true","1921-02-06","68"
"tt0986264","8.4","movie","Like Stars on Earth","true","2010-01-12","165"
"tt4649466","6.7","movie","Kingsman: The Golden Circle","true","2017-09-22","141"
"tt0075148","8.1","movie","Rocky","true","1976-12-03","120"
"tt4209788","7.4","movie","Molly's Game","true","2018-01-05","140"
"tt0462322","7.5","movie","Grindhouse","true","2007-04-06","191"
"tt0116231","8.2","movie","The Bandit","true","1998-08-07","128"
"tt0337978","7.1","movie","Live Free or Die Hard","true","2007-06-27","128"
"tt0054215","8.5","movie","Psycho","true","1960-09-08","109"
"tt0053125","8.3","movie","North by Northwest","true","1959-12-18","136"
"tt1502712","4.3","movie","Fantastic Four","true","2015-08-07","100"
"tt4972582","7.3","movie","Split","true","2017-01-20","117"
"tt2582802","8.5","movie","Whiplash","true","2014-01-16","106"
"tt0476735","8.3","movie","My Father and My Son","true","2005-11-18","112"
"tt0086190","8.3","movie","Star Wars: Episode VI - Return of the Jedi","true","1983-05-25","131"
"tt0451279","7.4","movie","Wonder Woman","true","2017-06-02","141"
"tt0068646","9.2","movie","The Godfather","true","1972-03-24","175"
"tt2126355","6.1","movie","San Andreas","true","2015-05-29","114"
"tt0310281","7.2","movie","A Mighty Wind","true","2003-05-09","91"
"tt6398184","7.4","movie","Downton Abbey","true","2019-09-20","122"
"tt0180093","8.3","movie","Requiem for a Dream","true","2000-12-15","102"
"tt3720788","6.9","movie","The Disappearance of Eleanor Rigby: Her","true","2014-10-10","100"
"tt2267998","8.1","movie","Gone Girl","true","2014-10-03","149"
"tt0111070","6.5","movie","The Santa Clause","true","1994-11-11","97"
"tt1502404","5.4","movie","Drive Angry","true","2011-02-25","104"
"tt0315983","7.5","movie","House of Sand and Fog","true","2004-01-09","126"
"tt0102492","6.9","movie","My Girl","true","1991-11-27","102"
"tt3460252","7.8","movie","The Hateful Eight","true","2015-12-30","168"
"tt1279935","6.3","movie","Date Night","true","2010-04-09","88"
"tt1790864","6.8","movie","The Maze Runner","true","2014-09-19","113"
"tt10287954","7.0","movie","Rose Island","true","2020-12-09","117"
"tt0304669","5.6","movie","The Santa Clause 2","true","2002-11-01","104"
"tt0081505","8.4","movie","The Shining","true","1980-06-13","146"
"tt0264464","8.1","movie","Catch Me If You Can","true","2002-12-25","141"
"tt0404390","7.4","movie","Running Scared","true","2006-02-24","122"
"tt0118715","8.1","movie","The Big Lebowski","true","1998-03-06","117"
"tt1950186","8.1","movie","Ford v Ferrari","true","2019-11-15","152"
"tt4912910","7.7","movie","Mission: Impossible - Fallout","true","2018-07-27","147"
"tt0133093","8.7","movie","The Matrix","true","1999-03-31","136"
"tt3778644","6.9","movie","Solo: A Star Wars Story","true","2018-05-25","135"
"tt0104431","6.8","movie","Home Alone 2: Lost in New York","true","1992-11-20","120"
"tt0405159","8.1","movie","Million Dollar Baby","true","2005-01-28","132"
"tt4520364","5.8","movie","Morgan","true","2016-09-02","92"
"tt0091763","8.1","movie","Platoon","true","1987-02-06","120"
"tt5177088","6.1","movie","The Girl in the Spider's Web","true","2018-11-09","115"
"tt0022100","8.3","movie","M","true","1933-03-31","117"
"tt0031381","8.1","movie","Gone with the Wind","true","1940-01-17","238"
"tt0114369","8.6","movie","Se7en","true","1995-09-22","127"
"tt0053291","8.2","movie","Some Like It Hot","true","1959-03-19","121"
"tt0848228","8.0","movie","The Avengers","true","2012-05-04","143"
"tt0113277","8.2","movie","Heat","true","1995-12-15","170"
"tt1673434","5.5","movie","The Twilight Saga: Breaking Dawn - Part 2","true","2012-11-16","115"
"tt0120815","8.6","movie","Saving Private Ryan","true","1998-07-24","169"
"tt0070735","8.3","movie","The Sting","true","1973-12-25","129"
"tt3890160","7.6","movie","Baby Driver","true","2017-06-28","113"
"tt4218572","6.9","movie","Widows","true","2018-11-16","129"
"tt0043014","8.4","movie","Sunset Blvd.","true","1950-08-10","110"
"tt1392214","8.1","movie","Prisoners","true","2013-09-20","153"
"tt1790885","7.4","movie","Zero Dark Thirty","true","2013-01-11","157"
"tt0266543","8.1","movie","Finding Nemo","true","2003-05-30","100"
"tt0780622","5.4","movie","Teeth","true","2007-01-19","94"
"tt3011894","8.1","movie","Wild Tales","true","2014-08-29","122"
"tt8108198","8.3","movie","Andhadhun","true","2018-10-05","139"
"tt0361748","8.3","movie","Inglourious Basterds","true","2009-08-21","153"
"tt0770828","7.0","movie","Man of Steel","true","2013-06-14","143"
"tt0159365","7.2","movie","Cold Mountain","true","2003-12-25","154"
"tt0118849","8.3","movie","Children of Heaven","true","1999-01-22","89"
"tt0974015","6.3","movie","Justice League","true","2017-11-17","120"
"tt0253474","8.5","movie","The Pianist","true","2003-03-28","150"
"tt1905041","7.1","movie","Fast & Furious 6","true","2013-05-24","130"
"tt0105665","7.3","movie","Twin Peaks: Fire Walk with Me","true","1992-08-28","134"
